{
  "ARIMA": {
    "MAE": 12.625594383735212,
    "RMSE": 14.675592718761612,
    "MAPE": 18.364895663344296
  },
  "XGBoost": {
    "MAE": 0.006063002161681652,
    "RMSE": 0.014672930922745865,
    "MAPE": 0.006980824226206872
  }
}